sensor_id,timestamp,temperature,humidity,location,sensor_type
1089,2025-04-07 06:17:23,17.09,75.96,BuildingB_Floor1,TypeA
1089,2025-04-06 05:58:54,21.45,40.06,BuildingB_Floor2,TypeC
1057,2025-04-03 04:23:44,19.63,42.87,BuildingA_Floor2,TypeA
1069,2025-04-07 15:58:51,23.16,67.21,BuildingA_Floor2,TypeA
1082,2025-04-03 14:43:27,24.48,72.17,BuildingA_Floor2,TypeA
1059,2025-04-07 15:00:44,27.89,79.41,BuildingA_Floor1,TypeA
1030,2025-04-04 16:09:48,30.31,52.9,BuildingB_Floor1,TypeC
1087,2025-04-04 14:15:42,32.81,42.65,BuildingB_Floor1,TypeA
1003,2025-04-05 03:52:06,23.3,72.69,BuildingB_Floor2,TypeA
1026,2025-04-04 14:53:17,24.99,41.95,BuildingB_Floor2,TypeC
1068,2025-04-03 02:56:52,33.75,74.08,BuildingA_Floor2,TypeC
1030,2025-04-06 16:59:56,19.02,63.02,BuildingB_Floor1,TypeA
1011,2025-04-04 14:07:01,30.99,56.92,BuildingB_Floor2,TypeA
1014,2025-04-06 19:29:45,28.36,49.02,BuildingA_Floor1,TypeC
1092,2025-04-06 01:24:09,21.52,44.89,BuildingB_Floor2,TypeC
1090,2025-04-05 02:46:01,26.88,78.87,BuildingB_Floor1,TypeC
1074,2025-04-05 20:22:47,16.12,61.81,BuildingB_Floor1,TypeA
1056,2025-04-05 15:42:27,28.09,51.13,BuildingA_Floor1,TypeC
1005,2025-04-07 13:35:12,33.42,51.36,BuildingB_Floor1,TypeB
1085,2025-04-05 15:38:30,32.53,75.1,BuildingA_Floor1,TypeB
1005,2025-04-03 09:47:57,27.42,71.1,BuildingB_Floor1,TypeA
1007,2025-04-06 21:04:24,23.13,76.1,BuildingA_Floor1,TypeA
1000,2025-04-04 04:41:10,32.94,36.47,BuildingA_Floor2,TypeA
1080,2025-04-04 21:10:10,32.43,74.73,BuildingB_Floor1,TypeB
1044,2025-04-03 18:06:33,28.42,68.84,BuildingA_Floor2,TypeC
1069,2025-04-03 21:39:23,25.46,75.08,BuildingA_Floor2,TypeB
1083,2025-04-06 22:54:45,26.88,60.6,BuildingA_Floor1,TypeB
1080,2025-04-03 21:19:12,29.03,76.96,BuildingA_Floor2,TypeB
1019,2025-04-04 00:23:46,34.69,58.75,BuildingB_Floor1,TypeB
1051,2025-04-04 11:22:39,34.32,58.32,BuildingA_Floor2,TypeB
1000,2025-04-03 18:06:50,34.23,54.28,BuildingA_Floor2,TypeA
1100,2025-04-05 10:08:33,26.64,30.62,BuildingB_Floor1,TypeC
1004,2025-04-03 12:19:14,31.0,74.12,BuildingA_Floor2,TypeC
1079,2025-04-03 08:46:33,31.37,58.38,BuildingB_Floor1,TypeA
1026,2025-04-03 06:00:42,33.98,62.68,BuildingB_Floor1,TypeB
1071,2025-04-07 08:24:47,23.91,47.88,BuildingA_Floor2,TypeA
1074,2025-04-07 08:42:34,34.34,45.94,BuildingB_Floor2,TypeA
1012,2025-04-05 08:54:59,26.33,62.5,BuildingB_Floor2,TypeA
1070,2025-04-05 09:30:33,20.38,79.38,BuildingB_Floor1,TypeB
1002,2025-04-05 10:03:02,16.23,73.7,BuildingB_Floor2,TypeC
1036,2025-04-06 14:16:20,30.83,62.93,BuildingB_Floor1,TypeB
1084,2025-04-05 21:42:56,18.88,67.93,BuildingA_Floor2,TypeB
1100,2025-04-03 01:24:55,22.76,61.58,BuildingA_Floor2,TypeC
1072,2025-04-03 21:54:21,24.96,72.23,BuildingB_Floor2,TypeB
1067,2025-04-04 18:39:52,18.81,39.47,BuildingA_Floor1,TypeB
1010,2025-04-06 14:47:36,32.49,73.72,BuildingA_Floor1,TypeC
1085,2025-04-03 16:35:28,21.18,52.28,BuildingA_Floor2,TypeB
1007,2025-04-06 21:40:04,28.11,33.31,BuildingB_Floor1,TypeC
1002,2025-04-07 13:41:09,18.93,42.4,BuildingA_Floor1,TypeB
1051,2025-04-07 14:03:55,31.85,51.72,BuildingB_Floor2,TypeA
1026,2025-04-07 09:46:50,31.49,54.71,BuildingB_Floor2,TypeC
1061,2025-04-04 19:18:57,15.83,73.74,BuildingA_Floor1,TypeA
1073,2025-04-06 10:42:46,31.14,60.86,BuildingB_Floor2,TypeC
1099,2025-04-05 19:32:16,28.11,67.26,BuildingB_Floor2,TypeC
1064,2025-04-06 02:55:06,34.55,55.41,BuildingB_Floor1,TypeC
1037,2025-04-03 21:54:34,17.33,51.16,BuildingA_Floor1,TypeC
1055,2025-04-06 14:40:24,24.27,35.6,BuildingB_Floor1,TypeB
1067,2025-04-05 16:24:59,31.54,34.45,BuildingA_Floor1,TypeB
1020,2025-04-07 12:54:18,28.82,35.15,BuildingA_Floor2,TypeA
1025,2025-04-03 04:49:08,32.49,45.99,BuildingA_Floor1,TypeA
1003,2025-04-05 13:23:25,27.61,69.2,BuildingA_Floor1,TypeA
1067,2025-04-05 10:29:49,20.56,51.85,BuildingB_Floor1,TypeA
1097,2025-04-04 22:39:17,20.38,75.02,BuildingA_Floor1,TypeB
1006,2025-04-07 15:23:58,29.88,56.14,BuildingA_Floor2,TypeB
1093,2025-04-06 07:07:32,32.55,76.03,BuildingA_Floor2,TypeC
1045,2025-04-05 23:37:12,19.87,47.16,BuildingB_Floor2,TypeB
1078,2025-04-06 08:10:17,15.88,43.85,BuildingA_Floor2,TypeC
1100,2025-04-03 21:05:07,20.91,74.51,BuildingB_Floor2,TypeA
1025,2025-04-06 07:47:16,27.09,67.86,BuildingB_Floor1,TypeC
1031,2025-04-05 16:54:15,26.77,59.94,BuildingB_Floor2,TypeA
1080,2025-04-07 10:50:09,23.91,41.09,BuildingB_Floor1,TypeC
1099,2025-04-07 08:54:16,19.87,32.42,BuildingB_Floor1,TypeB
1063,2025-04-06 13:46:58,30.98,58.62,BuildingA_Floor1,TypeC
1044,2025-04-06 04:55:07,16.97,49.85,BuildingA_Floor1,TypeB
1037,2025-04-05 03:14:39,20.46,38.56,BuildingB_Floor1,TypeB
1034,2025-04-04 08:23:44,26.54,48.6,BuildingB_Floor1,TypeC
1061,2025-04-06 18:10:18,30.72,38.63,BuildingA_Floor2,TypeA
1020,2025-04-07 19:33:06,30.97,46.1,BuildingA_Floor2,TypeA
1100,2025-04-06 01:51:46,18.97,32.27,BuildingA_Floor2,TypeB
1065,2025-04-07 04:17:51,20.91,78.86,BuildingB_Floor2,TypeC
1011,2025-04-07 06:19:54,25.74,67.92,BuildingA_Floor1,TypeA
1077,2025-04-06 07:55:31,34.9,74.36,BuildingB_Floor2,TypeC
1031,2025-04-07 17:14:43,26.41,43.15,BuildingB_Floor2,TypeC
1085,2025-04-05 07:18:27,16.66,31.78,BuildingB_Floor2,TypeC
1071,2025-04-07 05:35:34,18.09,35.53,BuildingB_Floor1,TypeB
1000,2025-04-04 05:47:22,23.68,79.72,BuildingA_Floor1,TypeA
1078,2025-04-05 02:47:22,15.07,41.82,BuildingA_Floor1,TypeA
1036,2025-04-04 02:52:12,22.94,77.98,BuildingB_Floor2,TypeA
1077,2025-04-06 15:55:12,18.4,59.25,BuildingB_Floor1,TypeC
1027,2025-04-05 03:09:14,17.13,69.64,BuildingA_Floor2,TypeA
1000,2025-04-07 06:58:10,33.68,56.0,BuildingB_Floor1,TypeC
1025,2025-04-03 11:52:18,27.14,66.11,BuildingA_Floor1,TypeA
1005,2025-04-07 20:24:03,19.95,53.45,BuildingA_Floor2,TypeA
1005,2025-04-07 08:38:41,23.44,40.62,BuildingB_Floor1,TypeB
1056,2025-04-05 00:25:39,33.5,48.77,BuildingA_Floor1,TypeC
1039,2025-04-03 17:19:38,30.12,79.43,BuildingA_Floor2,TypeA
1046,2025-04-03 15:38:20,26.2,30.7,BuildingB_Floor2,TypeB
1053,2025-04-06 02:27:55,27.31,68.3,BuildingA_Floor2,TypeA
1015,2025-04-05 05:09:05,18.64,56.32,BuildingB_Floor1,TypeC
1055,2025-04-07 06:32:04,29.55,70.64,BuildingA_Floor2,TypeA
1036,2025-04-06 04:01:40,32.86,40.82,BuildingB_Floor1,TypeB
1072,2025-04-03 17:38:51,23.59,68.81,BuildingB_Floor1,TypeB
1013,2025-04-03 04:21:27,33.47,44.52,BuildingA_Floor2,TypeA
1092,2025-04-04 06:11:34,22.49,76.56,BuildingB_Floor2,TypeC
1014,2025-04-03 16:46:49,20.72,55.95,BuildingB_Floor1,TypeB
1000,2025-04-04 00:02:08,34.9,64.3,BuildingA_Floor1,TypeA
1054,2025-04-03 00:13:05,31.16,51.08,BuildingA_Floor2,TypeB
1097,2025-04-04 04:57:27,31.61,67.81,BuildingB_Floor2,TypeC
1015,2025-04-07 08:45:09,21.58,37.76,BuildingA_Floor1,TypeA
1089,2025-04-04 23:14:24,18.82,35.58,BuildingA_Floor1,TypeA
1097,2025-04-05 04:48:27,24.45,52.78,BuildingB_Floor1,TypeC
1066,2025-04-03 22:18:21,33.27,55.27,BuildingB_Floor2,TypeC
1020,2025-04-06 15:59:55,15.36,44.4,BuildingA_Floor2,TypeB
1013,2025-04-05 04:34:34,33.05,32.42,BuildingB_Floor1,TypeA
1068,2025-04-06 23:58:57,23.67,73.57,BuildingA_Floor2,TypeB
1080,2025-04-04 11:47:10,25.05,61.33,BuildingB_Floor1,TypeA
1043,2025-04-03 11:18:19,34.31,45.91,BuildingB_Floor1,TypeC
1044,2025-04-04 20:20:35,33.15,66.74,BuildingB_Floor2,TypeA
1057,2025-04-06 15:17:55,28.94,41.25,BuildingA_Floor2,TypeA
1000,2025-04-03 19:36:39,26.96,32.2,BuildingB_Floor1,TypeB
1068,2025-04-06 18:26:22,25.61,75.71,BuildingA_Floor1,TypeC
1025,2025-04-07 15:40:32,29.14,41.39,BuildingA_Floor1,TypeB
1031,2025-04-06 03:25:00,20.22,75.21,BuildingA_Floor1,TypeA
1062,2025-04-04 03:23:31,25.3,35.55,BuildingB_Floor1,TypeA
1044,2025-04-02 22:27:19,31.04,50.29,BuildingA_Floor2,TypeC
1051,2025-04-06 18:54:03,19.2,49.55,BuildingB_Floor1,TypeA
1095,2025-04-04 00:11:02,27.03,68.49,BuildingB_Floor1,TypeC
1036,2025-04-06 09:20:47,15.21,36.7,BuildingA_Floor1,TypeA
1081,2025-04-04 12:26:33,19.05,56.38,BuildingB_Floor2,TypeB
1094,2025-04-04 08:24:34,27.57,48.0,BuildingB_Floor1,TypeC
1072,2025-04-03 23:46:48,30.06,44.89,BuildingB_Floor2,TypeC
1059,2025-04-03 11:31:13,33.93,54.61,BuildingB_Floor2,TypeA
1086,2025-04-04 12:52:05,30.05,67.92,BuildingA_Floor1,TypeB
1025,2025-04-03 02:03:52,18.21,35.63,BuildingB_Floor1,TypeB
1051,2025-04-05 02:03:47,32.27,42.48,BuildingA_Floor2,TypeC
1014,2025-04-04 03:49:22,32.89,46.05,BuildingB_Floor2,TypeA
1089,2025-04-07 21:36:06,22.87,48.64,BuildingB_Floor1,TypeA
1004,2025-04-04 00:04:48,20.5,65.81,BuildingB_Floor1,TypeC
1057,2025-04-06 10:55:13,25.27,62.61,BuildingA_Floor2,TypeA
1026,2025-04-05 21:01:58,17.11,41.88,BuildingA_Floor1,TypeB
1067,2025-04-06 09:38:06,16.47,72.35,BuildingB_Floor1,TypeA
1049,2025-04-06 10:12:37,29.04,66.7,BuildingB_Floor2,TypeB
1058,2025-04-03 03:54:16,18.93,46.15,BuildingA_Floor1,TypeA
1074,2025-04-04 17:14:37,33.85,68.39,BuildingA_Floor2,TypeC
1055,2025-04-05 13:28:18,28.44,48.65,BuildingB_Floor1,TypeB
1007,2025-04-05 07:19:05,21.84,48.51,BuildingA_Floor2,TypeC
1067,2025-04-06 01:41:32,32.28,55.22,BuildingB_Floor1,TypeB
1082,2025-04-03 09:36:52,18.64,69.06,BuildingA_Floor2,TypeC
1087,2025-04-04 07:10:07,31.33,65.11,BuildingB_Floor1,TypeB
1094,2025-04-03 06:25:33,28.66,60.59,BuildingA_Floor2,TypeC
1019,2025-04-07 12:27:40,24.75,55.34,BuildingA_Floor2,TypeB
1029,2025-04-05 10:16:38,33.7,54.03,BuildingA_Floor1,TypeA
1094,2025-04-03 18:01:41,22.4,40.74,BuildingA_Floor2,TypeA
1011,2025-04-05 14:58:54,21.85,74.0,BuildingB_Floor1,TypeC
1074,2025-04-07 17:03:34,21.47,30.97,BuildingB_Floor2,TypeC
1022,2025-04-07 20:27:59,16.26,41.68,BuildingA_Floor1,TypeC
1092,2025-04-03 15:00:06,32.15,43.54,BuildingA_Floor1,TypeA
1062,2025-04-03 16:01:07,33.33,67.62,BuildingA_Floor1,TypeB
1032,2025-04-03 19:33:29,22.73,70.81,BuildingB_Floor1,TypeA
1092,2025-04-07 08:02:39,25.35,62.53,BuildingA_Floor2,TypeC
1008,2025-04-07 08:17:09,17.28,67.86,BuildingA_Floor2,TypeA
1063,2025-04-03 22:29:10,31.99,67.95,BuildingA_Floor2,TypeB
1095,2025-04-07 09:18:29,24.02,56.64,BuildingA_Floor1,TypeA
1062,2025-04-05 01:40:04,22.61,33.54,BuildingB_Floor2,TypeA
1052,2025-04-05 21:33:38,28.66,68.02,BuildingB_Floor2,TypeC
1035,2025-04-04 13:08:53,15.48,41.03,BuildingA_Floor1,TypeA
1025,2025-04-04 15:13:28,29.44,54.47,BuildingB_Floor2,TypeA
1031,2025-04-04 20:12:03,20.49,53.15,BuildingA_Floor1,TypeB
1014,2025-04-07 20:54:47,19.75,66.25,BuildingA_Floor1,TypeA
1027,2025-04-07 02:26:33,24.41,41.46,BuildingA_Floor1,TypeB
1088,2025-04-07 20:48:35,16.88,37.64,BuildingB_Floor1,TypeA
1093,2025-04-05 09:04:16,34.52,47.39,BuildingA_Floor1,TypeC
1062,2025-04-04 01:28:30,28.72,33.87,BuildingB_Floor1,TypeA
1057,2025-04-06 00:30:55,32.24,44.54,BuildingB_Floor2,TypeB
1056,2025-04-05 03:04:10,26.67,79.87,BuildingA_Floor2,TypeB
1091,2025-04-07 18:42:16,32.55,68.67,BuildingB_Floor1,TypeC
1093,2025-04-07 07:47:59,23.39,52.49,BuildingA_Floor2,TypeB
1080,2025-04-06 17:16:38,33.04,45.79,BuildingB_Floor2,TypeA
1052,2025-04-05 18:57:34,26.39,42.93,BuildingB_Floor2,TypeC
1083,2025-04-06 23:13:56,28.07,74.42,BuildingA_Floor2,TypeC
1057,2025-04-06 00:30:31,20.08,42.18,BuildingB_Floor2,TypeA
1017,2025-04-03 16:00:36,34.93,33.83,BuildingA_Floor1,TypeA
1053,2025-04-03 04:26:13,27.28,50.41,BuildingA_Floor2,TypeC
1077,2025-04-04 22:07:11,22.91,44.69,BuildingB_Floor1,TypeC
1065,2025-04-03 04:18:07,17.57,78.86,BuildingA_Floor1,TypeC
1000,2025-04-03 01:53:15,20.7,51.58,BuildingB_Floor2,TypeC
1093,2025-04-02 22:28:31,31.38,50.0,BuildingA_Floor2,TypeC
1039,2025-04-03 09:38:04,22.53,45.46,BuildingB_Floor2,TypeA
1004,2025-04-07 04:06:24,22.44,70.41,BuildingA_Floor1,TypeB
1071,2025-04-03 16:56:12,20.92,33.77,BuildingA_Floor2,TypeC
1035,2025-04-07 05:18:55,15.97,64.3,BuildingA_Floor1,TypeA
1028,2025-04-06 11:20:48,22.48,45.27,BuildingB_Floor2,TypeA
1076,2025-04-02 22:25:09,31.22,53.39,BuildingB_Floor2,TypeA
1038,2025-04-04 06:39:53,24.68,68.17,BuildingA_Floor1,TypeC
1024,2025-04-05 03:18:50,22.38,46.7,BuildingB_Floor1,TypeA
1012,2025-04-07 06:03:10,22.12,46.07,BuildingB_Floor2,TypeC
1072,2025-04-06 16:36:55,32.31,56.77,BuildingB_Floor2,TypeA
1033,2025-04-03 16:14:36,31.37,57.37,BuildingB_Floor2,TypeC
1043,2025-04-06 20:36:24,32.19,43.71,BuildingA_Floor2,TypeC
1004,2025-04-03 23:07:59,25.45,62.39,BuildingB_Floor2,TypeC
1045,2025-04-04 08:04:49,24.19,54.46,BuildingA_Floor2,TypeB
1096,2025-04-05 23:08:16,18.25,68.73,BuildingA_Floor2,TypeB
1085,2025-04-06 21:37:35,21.58,69.22,BuildingA_Floor2,TypeB
1082,2025-04-07 04:46:10,15.26,57.92,BuildingA_Floor2,TypeA
1041,2025-04-06 10:52:29,19.02,64.38,BuildingA_Floor2,TypeC
1001,2025-04-06 01:09:28,22.86,56.09,BuildingA_Floor1,TypeB
1011,2025-04-03 16:12:24,16.11,39.62,BuildingB_Floor2,TypeC
1057,2025-04-07 00:21:24,22.12,41.88,BuildingB_Floor1,TypeC
1009,2025-04-06 20:32:54,21.13,41.2,BuildingB_Floor1,TypeC
1092,2025-04-03 17:12:57,15.58,70.42,BuildingB_Floor2,TypeB
1060,2025-04-03 17:40:51,15.39,34.63,BuildingA_Floor2,TypeA
1096,2025-04-03 23:19:44,20.98,44.97,BuildingA_Floor2,TypeB
1012,2025-04-04 15:53:27,31.22,31.18,BuildingB_Floor2,TypeC
1010,2025-04-03 15:23:36,23.2,40.23,BuildingA_Floor2,TypeA
1080,2025-04-03 09:36:02,26.84,50.27,BuildingB_Floor1,TypeC
1001,2025-04-04 20:18:17,18.94,41.33,BuildingB_Floor2,TypeB
1035,2025-04-05 10:35:23,16.87,33.84,BuildingA_Floor1,TypeC
1051,2025-04-07 04:17:22,22.13,54.42,BuildingA_Floor2,TypeA
1039,2025-04-03 11:09:54,16.7,47.6,BuildingA_Floor1,TypeB
1019,2025-04-07 02:38:41,17.94,38.43,BuildingA_Floor1,TypeB
1093,2025-04-05 01:27:31,31.35,31.27,BuildingB_Floor1,TypeA
1008,2025-04-05 22:07:09,16.19,36.69,BuildingA_Floor2,TypeA
1032,2025-04-04 22:30:44,19.01,53.98,BuildingA_Floor1,TypeC
1021,2025-04-06 15:47:23,25.58,66.4,BuildingA_Floor2,TypeB
1016,2025-04-05 08:59:19,21.88,72.5,BuildingB_Floor2,TypeC
1047,2025-04-06 15:04:43,16.44,38.52,BuildingA_Floor2,TypeA
1035,2025-04-04 11:40:47,30.82,58.81,BuildingB_Floor2,TypeB
1082,2025-04-04 18:42:37,24.19,39.34,BuildingB_Floor1,TypeC
1014,2025-04-06 15:02:58,28.16,43.42,BuildingB_Floor2,TypeC
1019,2025-04-04 09:34:00,30.95,72.15,BuildingB_Floor2,TypeA
1030,2025-04-06 23:18:30,18.68,37.45,BuildingA_Floor2,TypeB
1091,2025-04-06 05:43:56,16.94,61.41,BuildingA_Floor2,TypeA
1024,2025-04-05 07:49:05,28.82,45.35,BuildingB_Floor2,TypeA
1015,2025-04-04 19:27:38,31.35,74.78,BuildingA_Floor2,TypeA
1059,2025-04-05 09:13:41,33.62,65.01,BuildingA_Floor1,TypeB
1084,2025-04-05 15:41:12,28.7,62.17,BuildingA_Floor1,TypeB
1072,2025-04-03 14:03:55,26.78,47.87,BuildingA_Floor1,TypeB
1035,2025-04-05 09:35:19,15.68,60.35,BuildingA_Floor2,TypeA
1059,2025-04-07 03:23:59,18.21,39.03,BuildingB_Floor1,TypeC
1071,2025-04-05 16:18:26,25.08,56.34,BuildingA_Floor1,TypeB
1031,2025-04-04 13:59:32,23.07,71.11,BuildingA_Floor2,TypeC
1100,2025-04-02 23:23:39,32.81,64.84,BuildingB_Floor2,TypeA
1037,2025-04-03 22:54:43,32.46,51.01,BuildingB_Floor2,TypeA
1056,2025-04-07 02:46:21,28.8,33.37,BuildingA_Floor2,TypeC
1019,2025-04-07 03:21:35,15.5,43.35,BuildingA_Floor2,TypeA
1005,2025-04-07 01:32:55,25.33,61.86,BuildingB_Floor1,TypeB
1064,2025-04-07 07:51:57,30.56,38.15,BuildingB_Floor1,TypeA
1089,2025-04-05 07:37:39,28.0,36.16,BuildingB_Floor2,TypeA
1041,2025-04-05 20:35:46,16.51,59.12,BuildingB_Floor2,TypeB
1012,2025-04-05 17:02:23,33.47,61.87,BuildingA_Floor1,TypeA
1040,2025-04-03 04:52:42,32.63,47.05,BuildingB_Floor2,TypeC
1086,2025-04-04 20:49:39,19.0,66.83,BuildingB_Floor2,TypeB
1068,2025-04-03 04:00:17,27.34,46.5,BuildingA_Floor1,TypeA
1049,2025-04-03 00:20:25,19.26,47.39,BuildingA_Floor2,TypeC
1053,2025-04-06 18:26:48,22.57,37.56,BuildingA_Floor1,TypeC
1039,2025-04-07 21:20:24,30.71,32.36,BuildingA_Floor2,TypeC
1066,2025-04-06 11:04:05,18.33,55.08,BuildingA_Floor2,TypeA
1033,2025-04-07 04:26:12,30.47,77.69,BuildingA_Floor2,TypeB
1083,2025-04-04 14:30:59,31.51,41.08,BuildingA_Floor1,TypeC
1050,2025-04-06 05:22:50,33.54,75.28,BuildingA_Floor2,TypeA
1065,2025-04-07 18:03:52,34.66,46.83,BuildingB_Floor1,TypeB
1071,2025-04-05 07:03:19,19.94,49.54,BuildingA_Floor1,TypeB
1048,2025-04-03 21:56:25,25.95,36.88,BuildingB_Floor1,TypeA
1040,2025-04-03 05:13:35,20.39,35.56,BuildingB_Floor2,TypeA
1083,2025-04-03 18:22:49,20.1,41.91,BuildingA_Floor1,TypeC
1011,2025-04-07 16:07:06,16.63,74.41,BuildingA_Floor1,TypeA
1001,2025-04-07 14:28:31,25.22,36.8,BuildingA_Floor1,TypeB
1025,2025-04-03 03:42:54,16.6,71.88,BuildingA_Floor2,TypeB
1077,2025-04-04 20:46:22,17.31,71.86,BuildingA_Floor2,TypeC
1100,2025-04-05 00:03:02,32.02,60.66,BuildingB_Floor2,TypeC
1049,2025-04-03 23:47:35,16.05,39.75,BuildingB_Floor1,TypeB
1028,2025-04-06 07:48:45,19.34,67.93,BuildingB_Floor2,TypeA
1019,2025-04-03 02:09:05,34.2,52.2,BuildingB_Floor1,TypeB
1011,2025-04-03 15:58:25,18.62,58.72,BuildingB_Floor2,TypeC
1085,2025-04-06 00:38:39,19.73,46.02,BuildingB_Floor1,TypeC
1064,2025-04-05 23:06:16,15.35,73.0,BuildingA_Floor1,TypeB
1020,2025-04-07 02:17:20,24.13,30.95,BuildingB_Floor1,TypeA
1066,2025-04-04 01:00:23,25.33,54.69,BuildingB_Floor2,TypeC
1048,2025-04-05 08:35:10,28.61,74.82,BuildingB_Floor2,TypeB
1093,2025-04-06 19:01:58,17.47,56.42,BuildingB_Floor1,TypeB
1060,2025-04-03 20:36:18,33.03,68.94,BuildingA_Floor2,TypeB
1098,2025-04-04 18:30:40,25.76,47.11,BuildingA_Floor1,TypeC
1048,2025-04-03 14:30:58,23.66,61.67,BuildingA_Floor1,TypeB
1085,2025-04-06 22:35:29,32.81,64.38,BuildingA_Floor1,TypeC
1000,2025-04-06 21:38:09,26.56,39.47,BuildingB_Floor2,TypeA
1092,2025-04-05 03:11:22,29.26,63.01,BuildingA_Floor2,TypeC
1071,2025-04-05 22:11:35,26.99,77.8,BuildingB_Floor1,TypeB
1088,2025-04-07 10:04:47,24.25,66.27,BuildingA_Floor1,TypeB
1040,2025-04-07 07:05:07,19.31,74.14,BuildingB_Floor2,TypeA
1063,2025-04-06 15:24:14,15.27,64.73,BuildingB_Floor2,TypeC
1080,2025-04-07 03:58:09,19.29,79.7,BuildingA_Floor2,TypeA
1057,2025-04-05 12:42:41,16.38,55.45,BuildingA_Floor1,TypeA
1065,2025-04-03 12:31:23,32.37,47.47,BuildingA_Floor2,TypeA
1028,2025-04-04 03:11:21,19.47,53.89,BuildingA_Floor2,TypeC
1033,2025-04-03 16:24:56,32.36,69.63,BuildingA_Floor2,TypeB
1070,2025-04-06 19:41:12,25.93,39.92,BuildingA_Floor1,TypeA
1090,2025-04-04 05:00:49,21.84,38.07,BuildingA_Floor2,TypeB
1086,2025-04-03 04:40:21,23.22,47.36,BuildingA_Floor1,TypeB
1048,2025-04-05 06:35:38,20.12,79.33,BuildingB_Floor1,TypeA
1089,2025-04-06 01:45:48,23.73,66.95,BuildingB_Floor2,TypeC
1040,2025-04-04 07:10:33,28.61,71.05,BuildingA_Floor2,TypeB
1063,2025-04-04 07:20:59,25.99,36.97,BuildingB_Floor2,TypeA
1011,2025-04-06 08:22:23,28.56,67.62,BuildingB_Floor2,TypeA
1047,2025-04-05 22:21:59,23.44,71.9,BuildingA_Floor2,TypeA
1055,2025-04-05 10:08:47,31.57,61.03,BuildingB_Floor2,TypeB
1018,2025-04-03 01:46:03,25.0,68.57,BuildingA_Floor1,TypeA
1024,2025-04-03 23:03:56,19.76,64.71,BuildingB_Floor2,TypeC
1088,2025-04-04 08:41:47,32.32,45.62,BuildingB_Floor2,TypeC
1096,2025-04-07 04:47:11,32.35,31.4,BuildingA_Floor2,TypeA
1047,2025-04-03 22:26:32,26.34,43.76,BuildingA_Floor1,TypeB
1056,2025-04-05 02:12:41,32.46,63.64,BuildingB_Floor1,TypeA
1061,2025-04-03 18:47:59,25.61,44.77,BuildingA_Floor2,TypeB
1010,2025-04-06 03:08:29,28.57,65.31,BuildingA_Floor2,TypeB
1056,2025-04-06 01:45:16,24.25,62.5,BuildingA_Floor2,TypeA
1074,2025-04-04 11:09:01,15.12,48.75,BuildingA_Floor2,TypeB
1070,2025-04-06 05:08:14,33.12,48.7,BuildingA_Floor2,TypeB
1050,2025-04-07 08:22:00,26.41,76.3,BuildingB_Floor2,TypeB
1094,2025-04-03 15:23:15,17.5,37.54,BuildingA_Floor2,TypeA
1100,2025-04-06 07:41:05,16.91,66.08,BuildingA_Floor1,TypeB
1048,2025-04-06 11:21:00,17.44,53.05,BuildingA_Floor1,TypeC
1097,2025-04-07 04:52:46,17.74,79.38,BuildingA_Floor1,TypeB
1024,2025-04-05 01:54:35,17.22,79.08,BuildingB_Floor1,TypeB
1060,2025-04-07 11:23:40,23.27,58.71,BuildingB_Floor2,TypeA
1051,2025-04-03 10:12:58,26.05,56.8,BuildingA_Floor1,TypeC
1060,2025-04-03 04:53:31,21.06,71.03,BuildingA_Floor1,TypeA
1067,2025-04-06 18:01:48,34.48,44.09,BuildingB_Floor1,TypeA
1015,2025-04-06 19:54:33,18.81,75.95,BuildingA_Floor2,TypeA
1010,2025-04-04 06:35:34,26.38,37.46,BuildingA_Floor1,TypeC
1033,2025-04-07 01:09:01,32.39,36.62,BuildingB_Floor1,TypeC
1018,2025-04-03 23:23:11,15.87,74.34,BuildingA_Floor1,TypeA
1066,2025-04-03 10:45:10,31.77,46.53,BuildingB_Floor2,TypeA
1084,2025-04-02 23:09:34,17.79,39.93,BuildingB_Floor1,TypeC
1073,2025-04-07 10:45:09,25.44,46.92,BuildingA_Floor1,TypeA
1027,2025-04-05 16:44:49,24.1,31.0,BuildingB_Floor1,TypeC
1080,2025-04-03 20:55:44,22.62,32.96,BuildingA_Floor2,TypeA
1099,2025-04-07 08:25:03,15.81,47.36,BuildingA_Floor2,TypeC
1099,2025-04-06 07:48:27,19.48,71.9,BuildingB_Floor2,TypeA
1066,2025-04-03 09:03:51,25.59,74.24,BuildingA_Floor2,TypeA
1088,2025-04-04 07:21:49,24.73,47.19,BuildingB_Floor2,TypeC
1096,2025-04-03 18:58:47,26.85,71.01,BuildingB_Floor2,TypeC
1091,2025-04-04 06:11:58,21.35,78.77,BuildingA_Floor1,TypeA
1097,2025-04-05 09:09:12,33.06,41.22,BuildingB_Floor2,TypeB
1068,2025-04-05 13:34:55,20.09,37.09,BuildingB_Floor1,TypeC
1031,2025-04-06 14:17:24,17.56,46.24,BuildingB_Floor2,TypeC
1071,2025-04-03 08:18:31,34.39,49.79,BuildingA_Floor2,TypeB
1095,2025-04-07 14:19:54,32.42,56.57,BuildingB_Floor1,TypeA
1015,2025-04-03 23:46:21,16.92,31.56,BuildingB_Floor1,TypeC
1085,2025-04-04 11:40:56,17.76,49.15,BuildingB_Floor1,TypeC
1090,2025-04-02 22:50:12,29.22,62.4,BuildingA_Floor1,TypeB
1070,2025-04-05 16:59:36,19.01,39.59,BuildingB_Floor2,TypeC
1032,2025-04-07 04:57:59,20.23,66.89,BuildingA_Floor2,TypeA
1096,2025-04-07 21:00:31,15.94,52.74,BuildingB_Floor1,TypeB
1094,2025-04-06 03:07:06,17.85,44.64,BuildingB_Floor2,TypeB
1082,2025-04-07 19:13:48,33.27,57.65,BuildingA_Floor2,TypeB
1010,2025-04-03 17:18:30,34.11,72.13,BuildingB_Floor1,TypeB
1056,2025-04-07 09:45:55,26.58,62.2,BuildingB_Floor1,TypeB
1048,2025-04-05 04:44:10,21.55,71.88,BuildingB_Floor2,TypeB
1037,2025-04-05 08:50:22,19.21,36.93,BuildingA_Floor1,TypeC
1000,2025-04-04 15:49:55,32.18,48.99,BuildingB_Floor2,TypeB
1094,2025-04-07 01:25:09,25.29,73.6,BuildingA_Floor1,TypeA
1030,2025-04-05 10:02:33,31.76,32.6,BuildingB_Floor1,TypeA
1001,2025-04-06 10:17:15,26.27,34.89,BuildingB_Floor2,TypeB
1069,2025-04-03 09:33:07,22.34,39.92,BuildingA_Floor2,TypeB
1061,2025-04-03 22:06:50,29.99,75.22,BuildingA_Floor2,TypeC
1089,2025-04-07 10:33:49,22.42,72.87,BuildingB_Floor1,TypeA
1005,2025-04-04 20:16:32,26.75,64.67,BuildingA_Floor1,TypeB
1020,2025-04-07 07:01:44,15.49,47.54,BuildingA_Floor1,TypeC
1081,2025-04-03 11:18:17,33.91,64.07,BuildingA_Floor2,TypeB
1024,2025-04-04 11:56:13,25.29,79.24,BuildingB_Floor1,TypeB
1086,2025-04-04 14:34:56,31.76,54.4,BuildingB_Floor2,TypeB
1006,2025-04-03 13:42:30,22.76,59.15,BuildingA_Floor1,TypeA
1043,2025-04-07 15:38:38,20.46,41.46,BuildingA_Floor2,TypeA
1044,2025-04-07 21:20:58,34.08,59.0,BuildingB_Floor1,TypeA
1082,2025-04-05 02:06:38,23.86,41.44,BuildingA_Floor2,TypeA
1082,2025-04-05 05:44:19,17.67,65.43,BuildingA_Floor2,TypeB
1072,2025-04-07 00:58:57,16.11,58.24,BuildingA_Floor1,TypeB
1098,2025-04-03 19:56:45,29.9,44.46,BuildingA_Floor1,TypeC
1001,2025-04-03 07:44:41,19.76,66.68,BuildingB_Floor1,TypeB
1014,2025-04-03 07:14:19,20.45,47.63,BuildingA_Floor2,TypeC
1029,2025-04-06 17:46:44,20.77,72.6,BuildingB_Floor1,TypeA
1085,2025-04-04 01:22:52,32.18,44.12,BuildingA_Floor2,TypeB
1016,2025-04-04 11:34:37,18.29,58.04,BuildingA_Floor1,TypeC
1007,2025-04-03 03:17:04,26.37,49.0,BuildingA_Floor2,TypeA
1065,2025-04-04 21:47:04,30.17,55.74,BuildingA_Floor2,TypeC
1095,2025-04-06 06:47:12,33.93,49.08,BuildingA_Floor2,TypeA
1028,2025-04-06 03:16:10,27.13,68.94,BuildingB_Floor1,TypeB
1061,2025-04-02 22:12:03,34.91,43.97,BuildingB_Floor2,TypeB
1016,2025-04-03 18:52:47,20.09,63.16,BuildingA_Floor1,TypeC
1007,2025-04-04 00:03:37,20.59,51.33,BuildingA_Floor2,TypeA
1056,2025-04-06 11:56:13,28.0,79.91,BuildingA_Floor2,TypeC
1003,2025-04-04 08:05:43,20.78,39.57,BuildingA_Floor1,TypeA
1083,2025-04-06 23:44:15,26.9,45.0,BuildingB_Floor2,TypeB
1070,2025-04-03 15:13:31,26.06,50.02,BuildingB_Floor1,TypeC
1009,2025-04-06 03:16:56,18.25,31.48,BuildingA_Floor2,TypeA
1044,2025-04-05 17:40:13,25.18,59.65,BuildingB_Floor1,TypeB
1064,2025-04-04 16:34:57,17.5,62.55,BuildingB_Floor2,TypeA
1062,2025-04-06 23:24:05,17.56,35.45,BuildingB_Floor2,TypeA
1022,2025-04-07 19:45:54,16.0,70.42,BuildingB_Floor1,TypeA
1059,2025-04-03 09:32:46,34.69,45.62,BuildingB_Floor2,TypeC
1092,2025-04-06 03:49:24,29.2,50.86,BuildingA_Floor2,TypeB
1039,2025-04-05 19:52:31,33.64,58.83,BuildingB_Floor1,TypeC
1070,2025-04-05 01:54:05,30.46,40.24,BuildingB_Floor2,TypeA
1083,2025-04-03 13:48:34,29.04,50.88,BuildingB_Floor2,TypeB
1085,2025-04-07 03:20:15,19.54,37.61,BuildingB_Floor1,TypeA
1006,2025-04-04 01:29:58,33.53,53.48,BuildingB_Floor1,TypeB
1022,2025-04-04 08:13:41,15.91,52.94,BuildingA_Floor2,TypeC
1017,2025-04-06 01:12:47,34.48,64.49,BuildingB_Floor1,TypeB
1071,2025-04-06 09:57:19,20.16,50.18,BuildingB_Floor1,TypeC
1031,2025-04-05 10:29:30,26.01,31.81,BuildingB_Floor1,TypeB
1047,2025-04-07 19:56:18,19.61,59.27,BuildingB_Floor2,TypeB
1019,2025-04-07 06:20:39,15.41,59.05,BuildingB_Floor2,TypeA
1053,2025-04-03 20:05:24,17.6,62.23,BuildingB_Floor2,TypeA
1068,2025-04-06 22:47:29,31.91,34.24,BuildingB_Floor2,TypeC
1011,2025-04-03 09:28:10,15.47,57.09,BuildingB_Floor2,TypeC
1072,2025-04-06 17:50:16,24.44,51.0,BuildingB_Floor2,TypeA
1092,2025-04-05 06:55:17,27.04,50.44,BuildingB_Floor2,TypeB
1065,2025-04-03 00:36:47,18.17,68.84,BuildingB_Floor2,TypeB
1032,2025-04-03 22:05:45,20.62,35.25,BuildingB_Floor2,TypeA
1044,2025-04-03 06:31:45,27.49,68.19,BuildingB_Floor1,TypeA
1037,2025-04-03 21:04:04,34.25,70.54,BuildingA_Floor2,TypeB
1088,2025-04-06 23:05:49,24.5,76.06,BuildingB_Floor1,TypeB
1059,2025-04-06 17:29:51,30.77,46.15,BuildingB_Floor2,TypeA
1069,2025-04-04 19:17:19,29.26,52.56,BuildingB_Floor1,TypeA
1002,2025-04-04 15:09:58,30.72,65.26,BuildingB_Floor1,TypeB
1040,2025-04-04 13:00:16,19.98,52.9,BuildingA_Floor2,TypeC
1059,2025-04-07 16:18:32,18.04,62.57,BuildingB_Floor1,TypeA
1023,2025-04-05 19:33:01,17.45,60.65,BuildingA_Floor2,TypeB
1021,2025-04-07 17:05:03,28.66,48.82,BuildingB_Floor1,TypeA
1001,2025-04-05 10:53:51,24.43,61.33,BuildingA_Floor1,TypeB
1096,2025-04-06 08:02:55,25.1,46.25,BuildingA_Floor1,TypeB
1078,2025-04-04 03:43:38,16.19,44.24,BuildingA_Floor1,TypeC
1059,2025-04-04 01:51:37,22.31,52.72,BuildingA_Floor1,TypeA
1053,2025-04-04 16:06:45,18.64,52.47,BuildingB_Floor2,TypeB
1060,2025-04-07 06:51:57,29.56,46.98,BuildingA_Floor1,TypeB
1089,2025-04-07 09:03:16,33.09,43.64,BuildingA_Floor1,TypeC
1008,2025-04-07 05:24:34,24.88,71.05,BuildingA_Floor1,TypeA
1005,2025-04-06 10:08:30,19.93,32.86,BuildingA_Floor1,TypeB
1044,2025-04-03 15:28:11,27.29,70.34,BuildingB_Floor1,TypeA
1017,2025-04-06 23:28:01,30.36,64.95,BuildingB_Floor2,TypeC
1071,2025-04-07 03:17:26,19.87,46.92,BuildingB_Floor2,TypeB
1005,2025-04-03 14:51:24,17.24,79.97,BuildingA_Floor2,TypeC
1081,2025-04-04 18:55:06,34.91,46.86,BuildingA_Floor2,TypeB
1010,2025-04-07 02:50:13,18.08,66.69,BuildingB_Floor2,TypeC
1002,2025-04-06 02:03:43,30.39,46.68,BuildingB_Floor2,TypeC
1051,2025-04-04 15:22:47,20.91,39.15,BuildingA_Floor2,TypeC
1087,2025-04-07 11:15:29,23.91,30.03,BuildingB_Floor1,TypeA
1067,2025-04-07 06:41:34,27.67,62.68,BuildingA_Floor2,TypeA
1007,2025-04-07 13:45:32,17.88,39.43,BuildingB_Floor1,TypeA
1012,2025-04-05 22:34:17,21.71,70.63,BuildingA_Floor1,TypeA
1055,2025-04-07 08:34:55,32.49,65.43,BuildingA_Floor1,TypeC
1058,2025-04-05 03:49:12,22.4,48.79,BuildingA_Floor2,TypeC
1056,2025-04-05 04:55:27,18.37,56.4,BuildingB_Floor1,TypeB
1022,2025-04-07 05:37:38,15.39,37.36,BuildingA_Floor2,TypeA
1025,2025-04-05 09:47:00,27.03,65.61,BuildingA_Floor1,TypeA
1037,2025-04-07 03:29:15,23.7,37.64,BuildingA_Floor1,TypeA
1075,2025-04-04 20:31:33,28.11,56.16,BuildingB_Floor2,TypeB
1033,2025-04-05 04:08:41,17.87,47.9,BuildingB_Floor1,TypeB
1067,2025-04-03 17:42:04,16.94,39.76,BuildingB_Floor2,TypeC
1044,2025-04-05 17:27:11,20.83,57.16,BuildingA_Floor1,TypeC
1086,2025-04-03 23:28:41,32.87,51.62,BuildingB_Floor1,TypeA
1051,2025-04-03 07:11:27,29.6,42.11,BuildingA_Floor2,TypeC
1082,2025-04-07 14:54:43,24.29,63.41,BuildingB_Floor1,TypeB
1040,2025-04-06 07:05:54,19.31,51.62,BuildingB_Floor1,TypeB
1069,2025-04-06 06:06:27,27.51,72.78,BuildingB_Floor2,TypeC
1093,2025-04-03 22:57:54,24.43,65.73,BuildingB_Floor1,TypeB
1033,2025-04-05 22:19:41,33.91,59.34,BuildingA_Floor1,TypeA
1012,2025-04-06 13:10:49,22.98,61.23,BuildingB_Floor2,TypeB
1033,2025-04-05 05:48:54,21.59,71.59,BuildingB_Floor2,TypeB
1027,2025-04-04 07:44:04,26.01,76.15,BuildingA_Floor2,TypeC
1079,2025-04-06 22:19:45,28.46,44.09,BuildingA_Floor1,TypeA
1055,2025-04-07 07:18:45,22.21,45.21,BuildingB_Floor2,TypeA
1001,2025-04-06 23:57:11,20.7,33.88,BuildingA_Floor2,TypeA
1058,2025-04-07 19:51:35,16.28,57.95,BuildingB_Floor2,TypeA
1014,2025-04-03 11:49:39,24.54,37.09,BuildingB_Floor2,TypeA
1012,2025-04-04 19:15:35,21.72,58.89,BuildingA_Floor2,TypeC
1024,2025-04-05 17:05:18,20.51,72.05,BuildingB_Floor1,TypeC
1075,2025-04-07 01:26:45,28.07,41.06,BuildingA_Floor2,TypeA
1060,2025-04-07 08:11:30,16.79,65.23,BuildingA_Floor2,TypeB
1079,2025-04-05 01:32:26,30.14,40.97,BuildingA_Floor2,TypeC
1034,2025-04-04 05:13:05,25.55,53.85,BuildingA_Floor1,TypeA
1063,2025-04-07 05:55:21,23.06,37.49,BuildingA_Floor2,TypeC
1058,2025-04-03 07:29:42,25.6,31.08,BuildingB_Floor2,TypeC
1037,2025-04-03 13:38:24,34.4,39.02,BuildingA_Floor2,TypeA
1092,2025-04-04 18:21:36,17.81,62.82,BuildingB_Floor1,TypeB
1025,2025-04-06 13:38:12,19.6,73.22,BuildingB_Floor2,TypeC
1048,2025-04-06 02:28:06,34.2,50.37,BuildingB_Floor1,TypeC
1089,2025-04-05 18:03:37,20.45,36.91,BuildingB_Floor2,TypeB
1066,2025-04-03 20:29:07,25.5,64.93,BuildingA_Floor1,TypeA
1046,2025-04-04 02:05:22,30.93,37.46,BuildingB_Floor2,TypeB
1085,2025-04-03 12:17:33,25.87,58.3,BuildingA_Floor1,TypeA
1022,2025-04-03 19:38:10,15.13,45.85,BuildingA_Floor2,TypeC
1097,2025-04-06 04:01:01,19.63,32.01,BuildingB_Floor1,TypeC
1019,2025-04-04 00:00:40,18.06,42.77,BuildingA_Floor1,TypeC
1065,2025-04-05 23:53:51,16.83,38.32,BuildingA_Floor1,TypeA
1047,2025-04-07 07:19:46,16.96,70.51,BuildingB_Floor2,TypeC
1092,2025-04-07 03:58:57,16.29,62.24,BuildingA_Floor1,TypeA
1030,2025-04-06 02:27:55,18.0,63.31,BuildingB_Floor2,TypeB
1048,2025-04-06 09:08:41,27.29,72.39,BuildingA_Floor1,TypeC
1055,2025-04-03 00:08:51,31.2,78.74,BuildingA_Floor2,TypeB
1083,2025-04-06 12:09:04,15.9,69.52,BuildingA_Floor2,TypeB
1100,2025-04-04 04:21:51,31.68,43.3,BuildingA_Floor1,TypeB
1004,2025-04-05 04:49:42,34.1,44.42,BuildingB_Floor2,TypeB
1030,2025-04-05 16:05:35,25.12,38.65,BuildingA_Floor1,TypeC
1044,2025-04-06 20:41:09,19.66,49.09,BuildingB_Floor1,TypeC
1080,2025-04-05 06:30:16,33.83,58.6,BuildingB_Floor1,TypeA
1033,2025-04-04 23:21:42,33.75,66.35,BuildingA_Floor2,TypeC
1075,2025-04-03 23:40:39,19.58,68.93,BuildingA_Floor2,TypeB
1078,2025-04-06 17:11:26,28.13,79.1,BuildingB_Floor1,TypeA
1079,2025-04-05 05:46:53,21.1,30.3,BuildingA_Floor2,TypeA
1060,2025-04-05 18:24:44,29.25,77.05,BuildingA_Floor2,TypeA
1086,2025-04-05 19:21:00,29.61,65.28,BuildingB_Floor2,TypeB
1031,2025-04-06 06:05:48,15.76,56.33,BuildingB_Floor1,TypeA
1026,2025-04-06 01:35:42,23.37,74.12,BuildingB_Floor1,TypeB
1087,2025-04-03 12:08:03,22.0,66.5,BuildingB_Floor2,TypeC
1072,2025-04-05 03:40:06,34.91,40.73,BuildingA_Floor1,TypeC
1011,2025-04-07 07:34:09,16.66,46.07,BuildingB_Floor1,TypeB
1053,2025-04-05 05:36:10,33.66,66.4,BuildingA_Floor1,TypeC
1097,2025-04-07 19:48:02,33.26,60.39,BuildingA_Floor2,TypeB
1027,2025-04-07 09:33:54,25.83,47.82,BuildingA_Floor1,TypeB
1002,2025-04-06 03:29:30,20.27,63.18,BuildingB_Floor2,TypeC
1038,2025-04-06 08:04:05,20.36,68.49,BuildingB_Floor1,TypeB
1024,2025-04-07 12:22:51,34.76,34.14,BuildingB_Floor2,TypeC
1022,2025-04-03 08:21:23,21.17,40.72,BuildingA_Floor1,TypeA
1033,2025-04-04 06:41:06,18.8,46.41,BuildingA_Floor1,TypeA
1092,2025-04-03 05:10:10,22.35,42.95,BuildingB_Floor2,TypeA
1064,2025-04-06 19:35:02,29.57,66.2,BuildingA_Floor2,TypeA
1082,2025-04-07 21:25:31,20.83,54.97,BuildingB_Floor1,TypeB
1013,2025-04-03 07:18:28,19.9,68.73,BuildingA_Floor2,TypeC
1098,2025-04-06 04:24:56,26.75,48.23,BuildingA_Floor2,TypeA
1002,2025-04-04 09:50:51,21.59,31.63,BuildingB_Floor1,TypeC
1088,2025-04-05 11:17:51,24.5,40.1,BuildingA_Floor1,TypeA
1049,2025-04-07 15:24:43,27.44,68.33,BuildingB_Floor2,TypeC
1033,2025-04-07 16:00:11,23.6,53.81,BuildingB_Floor1,TypeA
1043,2025-04-04 17:04:14,25.12,47.59,BuildingB_Floor2,TypeC
1009,2025-04-05 16:43:56,20.1,34.64,BuildingB_Floor1,TypeC
1001,2025-04-07 05:52:11,24.32,42.49,BuildingA_Floor2,TypeA
1001,2025-04-05 17:51:20,18.85,65.57,BuildingB_Floor2,TypeB
1097,2025-04-04 21:34:01,23.56,49.78,BuildingB_Floor1,TypeA
1028,2025-04-06 01:54:20,24.61,48.48,BuildingA_Floor1,TypeA
1058,2025-04-04 23:21:01,17.97,75.22,BuildingA_Floor1,TypeC
1002,2025-04-05 13:12:12,30.76,75.95,BuildingA_Floor2,TypeA
1008,2025-04-05 05:57:31,20.94,47.09,BuildingA_Floor1,TypeB
1084,2025-04-06 00:07:25,28.76,79.93,BuildingA_Floor2,TypeA
1037,2025-04-04 01:53:03,22.79,76.82,BuildingA_Floor1,TypeB
1096,2025-04-05 21:00:07,16.56,55.58,BuildingA_Floor1,TypeB
1048,2025-04-04 22:00:10,27.84,53.43,BuildingB_Floor2,TypeA
1015,2025-04-06 18:28:55,30.17,78.12,BuildingA_Floor2,TypeA
1010,2025-04-03 13:39:52,25.11,41.76,BuildingA_Floor1,TypeA
1064,2025-04-07 03:25:32,23.35,57.79,BuildingA_Floor2,TypeC
1071,2025-04-03 19:40:00,30.47,32.26,BuildingA_Floor1,TypeA
1032,2025-04-05 17:07:04,15.7,51.56,BuildingA_Floor2,TypeC
1018,2025-04-06 13:22:25,24.87,37.62,BuildingB_Floor1,TypeB
1090,2025-04-02 22:40:42,30.32,54.4,BuildingB_Floor1,TypeA
1082,2025-04-03 06:41:43,31.02,31.26,BuildingB_Floor1,TypeA
1059,2025-04-06 02:34:59,30.03,41.24,BuildingA_Floor1,TypeC
1036,2025-04-07 10:18:47,24.63,49.97,BuildingB_Floor2,TypeB
1014,2025-04-05 05:02:29,33.72,49.66,BuildingB_Floor1,TypeA
1023,2025-04-07 15:17:54,20.57,45.82,BuildingB_Floor1,TypeC
1052,2025-04-05 14:34:40,22.87,65.84,BuildingA_Floor1,TypeB
1056,2025-04-03 17:49:45,15.33,36.04,BuildingB_Floor2,TypeA
1065,2025-04-06 08:23:40,27.43,63.83,BuildingB_Floor2,TypeC
1076,2025-04-04 02:20:34,33.2,32.43,BuildingB_Floor1,TypeC
1002,2025-04-06 00:31:39,23.26,63.29,BuildingA_Floor1,TypeB
1099,2025-04-04 22:51:35,21.78,50.12,BuildingA_Floor1,TypeA
1097,2025-04-07 05:14:13,26.57,74.59,BuildingB_Floor1,TypeA
1040,2025-04-07 06:49:00,28.01,66.66,BuildingB_Floor1,TypeC
1002,2025-04-06 07:07:51,32.93,56.17,BuildingB_Floor2,TypeC
1079,2025-04-04 11:35:04,33.33,40.2,BuildingA_Floor1,TypeC
1005,2025-04-06 17:38:39,21.49,78.02,BuildingB_Floor2,TypeA
1075,2025-04-04 17:37:56,18.79,43.64,BuildingB_Floor2,TypeC
1036,2025-04-07 12:39:20,30.28,45.22,BuildingA_Floor1,TypeB
1095,2025-04-04 03:03:56,18.63,48.32,BuildingB_Floor2,TypeA
1013,2025-04-03 16:59:14,15.27,50.07,BuildingB_Floor2,TypeB
1026,2025-04-06 18:24:13,23.15,56.56,BuildingA_Floor1,TypeC
1049,2025-04-03 09:46:01,33.07,75.91,BuildingA_Floor2,TypeC
1020,2025-04-07 13:04:03,28.94,37.08,BuildingA_Floor2,TypeC
1095,2025-04-03 07:37:49,23.27,64.43,BuildingB_Floor2,TypeA
1090,2025-04-06 14:03:12,17.69,76.74,BuildingB_Floor1,TypeC
1024,2025-04-04 14:35:29,30.71,78.11,BuildingA_Floor2,TypeC
1047,2025-04-03 21:56:27,32.47,42.41,BuildingB_Floor2,TypeB
1009,2025-04-03 17:12:42,27.23,65.85,BuildingB_Floor1,TypeC
1037,2025-04-07 18:29:28,30.57,30.15,BuildingB_Floor1,TypeC
1011,2025-04-03 18:29:05,28.61,51.27,BuildingA_Floor1,TypeC
1009,2025-04-04 09:20:27,26.87,32.56,BuildingB_Floor2,TypeC
1027,2025-04-03 19:39:47,19.13,61.68,BuildingB_Floor2,TypeC
1010,2025-04-06 23:47:11,19.16,42.06,BuildingA_Floor1,TypeA
1089,2025-04-05 23:21:19,31.27,42.36,BuildingA_Floor1,TypeB
1048,2025-04-04 20:52:24,23.18,55.12,BuildingB_Floor1,TypeC
1028,2025-04-05 20:45:21,17.61,38.78,BuildingB_Floor2,TypeB
1029,2025-04-03 10:33:02,28.38,72.25,BuildingA_Floor2,TypeB
1016,2025-04-04 12:26:10,27.47,72.54,BuildingB_Floor1,TypeA
1037,2025-04-07 15:29:18,32.84,40.96,BuildingB_Floor1,TypeC
1091,2025-04-04 21:00:30,34.21,75.33,BuildingB_Floor1,TypeC
1077,2025-04-07 20:10:01,16.34,37.93,BuildingB_Floor1,TypeB
1050,2025-04-06 04:47:23,29.86,60.58,BuildingB_Floor2,TypeB
1055,2025-04-02 23:38:57,23.03,50.08,BuildingA_Floor1,TypeB
1087,2025-04-07 15:57:46,31.61,64.17,BuildingB_Floor2,TypeC
1082,2025-04-05 21:55:33,28.34,59.4,BuildingA_Floor1,TypeC
1075,2025-04-02 22:37:57,24.8,66.4,BuildingB_Floor1,TypeB
1011,2025-04-06 22:31:42,18.46,43.11,BuildingA_Floor1,TypeB
1047,2025-04-04 15:39:22,17.64,76.08,BuildingA_Floor1,TypeC
1005,2025-04-04 10:13:11,24.84,57.74,BuildingA_Floor2,TypeA
1052,2025-04-04 22:31:20,17.23,70.46,BuildingB_Floor1,TypeB
1054,2025-04-04 10:40:21,21.57,57.85,BuildingA_Floor2,TypeB
1016,2025-04-05 12:20:58,28.71,30.22,BuildingA_Floor1,TypeB
1088,2025-04-05 02:11:59,32.78,70.03,BuildingA_Floor2,TypeB
1099,2025-04-07 15:16:26,29.37,54.74,BuildingB_Floor1,TypeC
1003,2025-04-05 17:42:53,22.09,68.9,BuildingA_Floor1,TypeA
1065,2025-04-05 05:41:42,18.36,63.14,BuildingA_Floor2,TypeA
1093,2025-04-05 00:50:15,15.05,76.96,BuildingB_Floor2,TypeB
1100,2025-04-04 06:23:13,21.3,46.15,BuildingB_Floor2,TypeA
1005,2025-04-04 06:45:26,17.27,30.5,BuildingA_Floor2,TypeC
1094,2025-04-04 08:43:41,18.51,49.45,BuildingA_Floor2,TypeA
1084,2025-04-07 04:30:49,23.77,72.68,BuildingB_Floor1,TypeA
1069,2025-04-04 17:44:12,15.72,55.6,BuildingB_Floor2,TypeB
1094,2025-04-03 08:36:51,28.15,53.87,BuildingB_Floor1,TypeB
1048,2025-04-03 06:56:02,17.43,73.94,BuildingB_Floor1,TypeB
1092,2025-04-05 21:47:58,22.97,75.88,BuildingB_Floor1,TypeC
1034,2025-04-04 02:06:59,19.88,42.15,BuildingA_Floor2,TypeA
1030,2025-04-07 13:25:48,17.07,69.12,BuildingA_Floor1,TypeB
1036,2025-04-07 08:12:59,25.99,69.3,BuildingB_Floor2,TypeB
1090,2025-04-07 02:45:10,32.71,30.9,BuildingA_Floor1,TypeC
1043,2025-04-07 03:05:01,24.27,67.59,BuildingB_Floor2,TypeA
1009,2025-04-03 15:45:08,20.24,32.07,BuildingB_Floor1,TypeA
1045,2025-04-03 21:39:32,20.67,78.99,BuildingB_Floor1,TypeA
1011,2025-04-07 14:06:34,33.41,48.47,BuildingA_Floor2,TypeA
1062,2025-04-04 22:25:53,22.79,49.08,BuildingB_Floor2,TypeB
1070,2025-04-04 00:20:24,16.68,52.62,BuildingB_Floor2,TypeA
1002,2025-04-04 02:36:31,17.44,40.56,BuildingB_Floor2,TypeB
1060,2025-04-05 16:16:52,32.32,66.31,BuildingA_Floor1,TypeC
1034,2025-04-05 10:41:57,15.05,31.55,BuildingA_Floor2,TypeB
1006,2025-04-06 05:15:07,16.69,56.39,BuildingA_Floor1,TypeA
1058,2025-04-02 23:30:50,18.91,62.85,BuildingA_Floor1,TypeC
1051,2025-04-04 21:48:20,30.83,34.21,BuildingB_Floor1,TypeA
1042,2025-04-06 02:41:01,26.59,32.23,BuildingB_Floor1,TypeB
1021,2025-04-07 09:10:06,21.76,46.82,BuildingA_Floor2,TypeA
1018,2025-04-04 15:44:42,29.74,69.86,BuildingB_Floor2,TypeA
1055,2025-04-06 18:05:47,19.92,69.86,BuildingB_Floor1,TypeB
1076,2025-04-04 07:27:57,27.4,71.64,BuildingB_Floor1,TypeC
1057,2025-04-05 19:43:57,24.43,41.99,BuildingB_Floor2,TypeA
1089,2025-04-07 07:17:47,28.67,50.77,BuildingB_Floor2,TypeB
1038,2025-04-07 10:42:41,18.64,39.21,BuildingA_Floor2,TypeB
1011,2025-04-06 02:34:53,19.72,78.2,BuildingA_Floor2,TypeA
1016,2025-04-07 20:39:04,24.09,37.27,BuildingA_Floor1,TypeB
1024,2025-04-05 05:09:10,34.28,67.07,BuildingA_Floor2,TypeC
1030,2025-04-02 22:23:55,19.23,67.27,BuildingA_Floor1,TypeB
1044,2025-04-04 04:38:29,29.61,58.41,BuildingA_Floor2,TypeA
1040,2025-04-05 02:58:19,31.89,69.21,BuildingB_Floor1,TypeA
1037,2025-04-03 02:57:48,28.03,33.54,BuildingB_Floor2,TypeB
1002,2025-04-05 15:11:19,16.78,72.73,BuildingA_Floor2,TypeC
1030,2025-04-04 19:06:21,23.35,74.7,BuildingB_Floor1,TypeA
1003,2025-04-07 01:22:46,34.67,33.44,BuildingB_Floor2,TypeB
1038,2025-04-07 16:03:50,31.22,30.68,BuildingA_Floor2,TypeB
1050,2025-04-02 23:48:12,25.22,49.58,BuildingA_Floor2,TypeA
1035,2025-04-04 18:03:24,31.12,72.75,BuildingA_Floor1,TypeA
1014,2025-04-03 13:53:54,23.86,75.6,BuildingA_Floor2,TypeA
1037,2025-04-06 16:41:20,17.65,69.02,BuildingA_Floor2,TypeC
1057,2025-04-04 07:41:13,18.85,36.64,BuildingA_Floor1,TypeB
1045,2025-04-06 12:12:19,21.58,31.24,BuildingB_Floor2,TypeC
1033,2025-04-05 05:45:03,31.42,56.88,BuildingA_Floor2,TypeA
1028,2025-04-06 10:08:37,25.31,77.29,BuildingA_Floor2,TypeB
1004,2025-04-05 17:05:14,22.54,43.71,BuildingA_Floor2,TypeB
1073,2025-04-05 00:32:10,26.57,30.27,BuildingB_Floor1,TypeC
1003,2025-04-07 06:18:07,17.04,53.63,BuildingA_Floor2,TypeC
1098,2025-04-03 20:44:01,15.28,62.08,BuildingA_Floor1,TypeA
1045,2025-04-05 04:03:13,20.72,68.17,BuildingB_Floor2,TypeB
1034,2025-04-07 09:29:59,27.17,58.22,BuildingA_Floor2,TypeC
1011,2025-04-04 00:54:00,27.72,44.3,BuildingA_Floor2,TypeC
1086,2025-04-03 09:16:51,29.58,59.03,BuildingB_Floor1,TypeB
1004,2025-04-06 08:31:32,16.25,57.45,BuildingA_Floor1,TypeC
1090,2025-04-03 15:27:50,20.23,58.05,BuildingB_Floor1,TypeC
1021,2025-04-03 11:12:44,30.95,33.02,BuildingB_Floor1,TypeB
1100,2025-04-07 15:11:19,27.31,64.19,BuildingA_Floor1,TypeA
1023,2025-04-07 05:18:00,33.29,54.68,BuildingA_Floor1,TypeC
1081,2025-04-05 01:19:01,32.29,62.2,BuildingA_Floor2,TypeB
1084,2025-04-03 17:39:09,16.28,79.6,BuildingB_Floor2,TypeC
1071,2025-04-04 06:14:06,26.41,30.94,BuildingA_Floor2,TypeB
1038,2025-04-05 10:03:24,24.22,64.72,BuildingB_Floor2,TypeC
1046,2025-04-06 22:02:33,19.96,46.94,BuildingB_Floor1,TypeB
1055,2025-04-05 14:55:22,20.76,53.64,BuildingA_Floor1,TypeC
1064,2025-04-06 12:55:06,20.35,43.36,BuildingB_Floor2,TypeC
1076,2025-04-04 07:30:58,21.54,50.78,BuildingA_Floor1,TypeA
1094,2025-04-05 02:43:55,16.85,57.2,BuildingA_Floor2,TypeA
1035,2025-04-04 22:03:09,16.69,42.26,BuildingB_Floor1,TypeB
1019,2025-04-03 07:45:12,24.17,52.04,BuildingB_Floor2,TypeB
1067,2025-04-03 15:41:03,17.0,45.85,BuildingB_Floor1,TypeB
1012,2025-04-06 12:14:05,34.98,47.18,BuildingB_Floor2,TypeC
1095,2025-04-05 11:36:15,21.03,64.52,BuildingB_Floor1,TypeA
1081,2025-04-07 12:00:47,15.31,40.46,BuildingA_Floor1,TypeB
1007,2025-04-06 21:44:14,33.45,52.64,BuildingA_Floor2,TypeC
1007,2025-04-04 20:32:08,34.13,49.16,BuildingA_Floor1,TypeA
1090,2025-04-05 00:31:35,30.32,51.62,BuildingA_Floor2,TypeC
1063,2025-04-05 20:35:24,29.79,34.37,BuildingA_Floor2,TypeB
1047,2025-04-03 11:07:27,32.01,63.07,BuildingB_Floor2,TypeC
1095,2025-04-05 01:46:10,20.29,35.8,BuildingB_Floor1,TypeA
1022,2025-04-05 08:43:25,22.93,79.73,BuildingA_Floor1,TypeB
1100,2025-04-06 00:50:13,30.69,69.41,BuildingB_Floor2,TypeB
1074,2025-04-05 13:11:50,32.07,59.72,BuildingA_Floor2,TypeC
1091,2025-04-05 13:05:34,24.73,72.16,BuildingB_Floor1,TypeB
1052,2025-04-06 23:04:40,22.0,32.37,BuildingB_Floor2,TypeC
1022,2025-04-07 02:22:01,24.92,74.77,BuildingB_Floor1,TypeA
1053,2025-04-03 16:27:19,30.45,72.14,BuildingB_Floor2,TypeA
1067,2025-04-06 02:54:15,30.62,40.33,BuildingB_Floor1,TypeB
1003,2025-04-04 12:51:03,22.85,50.79,BuildingB_Floor1,TypeC
1039,2025-04-05 03:39:01,19.14,46.23,BuildingA_Floor2,TypeB
1087,2025-04-05 19:17:57,22.14,65.7,BuildingB_Floor1,TypeB
1005,2025-04-07 02:36:53,23.38,30.74,BuildingB_Floor2,TypeA
1094,2025-04-03 04:21:18,25.78,59.86,BuildingB_Floor1,TypeB
1076,2025-04-03 10:03:42,28.08,36.08,BuildingA_Floor1,TypeA
1008,2025-04-07 16:32:20,22.78,50.6,BuildingA_Floor1,TypeA
1045,2025-04-05 00:47:32,16.83,34.55,BuildingA_Floor2,TypeB
1069,2025-04-03 09:56:07,15.21,35.03,BuildingB_Floor1,TypeA
1054,2025-04-04 06:26:53,25.15,76.05,BuildingA_Floor1,TypeA
1018,2025-04-07 04:13:17,26.2,37.94,BuildingA_Floor1,TypeC
1057,2025-04-03 12:25:42,21.05,50.92,BuildingB_Floor1,TypeC
1065,2025-04-04 05:45:27,34.12,75.66,BuildingA_Floor1,TypeB
1069,2025-04-03 00:56:23,21.61,41.61,BuildingA_Floor2,TypeC
1088,2025-04-06 05:47:33,16.18,54.11,BuildingA_Floor2,TypeB
1065,2025-04-06 21:54:15,19.26,32.72,BuildingA_Floor2,TypeB
1086,2025-04-07 01:03:25,27.91,72.47,BuildingB_Floor2,TypeB
1043,2025-04-06 22:29:25,31.37,69.1,BuildingA_Floor2,TypeA
1072,2025-04-07 07:46:20,31.45,66.95,BuildingB_Floor1,TypeC
1049,2025-04-05 00:28:38,31.66,64.17,BuildingA_Floor1,TypeA
1023,2025-04-03 13:37:28,28.4,58.11,BuildingA_Floor1,TypeB
1040,2025-04-06 21:16:54,33.24,78.06,BuildingA_Floor2,TypeB
1074,2025-04-04 19:19:46,29.05,35.18,BuildingA_Floor1,TypeC
1008,2025-04-06 10:18:34,15.91,66.34,BuildingA_Floor1,TypeB
1023,2025-04-07 20:11:28,23.42,69.5,BuildingB_Floor1,TypeA
1041,2025-04-06 14:13:29,24.92,34.49,BuildingA_Floor1,TypeA
1009,2025-04-03 22:32:32,23.21,37.71,BuildingB_Floor1,TypeA
1068,2025-04-03 17:35:03,15.83,45.15,BuildingB_Floor2,TypeA
1083,2025-04-05 20:54:52,20.56,68.62,BuildingB_Floor1,TypeC
1083,2025-04-03 19:17:13,33.62,42.38,BuildingB_Floor1,TypeB
1060,2025-04-04 16:47:28,32.79,76.85,BuildingB_Floor1,TypeB
1056,2025-04-05 12:50:27,18.1,50.16,BuildingB_Floor1,TypeA
1082,2025-04-04 18:31:01,22.42,75.27,BuildingA_Floor1,TypeB
1027,2025-04-07 04:40:50,20.54,74.5,BuildingA_Floor1,TypeB
1089,2025-04-05 15:42:02,20.81,57.16,BuildingA_Floor1,TypeB
1092,2025-04-07 10:35:22,24.47,75.05,BuildingB_Floor2,TypeB
1098,2025-04-07 10:53:33,18.52,59.86,BuildingA_Floor1,TypeB
1082,2025-04-05 14:46:41,15.7,69.48,BuildingA_Floor1,TypeC
1048,2025-04-07 09:01:27,20.54,47.17,BuildingB_Floor1,TypeC
1036,2025-04-05 05:57:14,23.44,64.6,BuildingA_Floor1,TypeB
1019,2025-04-07 06:13:01,34.16,31.19,BuildingA_Floor1,TypeB
1029,2025-04-04 14:38:42,24.47,64.04,BuildingB_Floor2,TypeA
1069,2025-04-03 01:13:31,20.84,40.1,BuildingA_Floor2,TypeC
1038,2025-04-05 15:43:56,26.55,63.53,BuildingA_Floor1,TypeC
1062,2025-04-06 20:50:18,34.32,33.2,BuildingB_Floor1,TypeB
1012,2025-04-05 13:50:56,19.31,69.28,BuildingB_Floor1,TypeA
1016,2025-04-06 11:40:53,19.38,69.35,BuildingA_Floor1,TypeA
1057,2025-04-06 04:57:44,15.01,77.4,BuildingA_Floor1,TypeC
1074,2025-04-04 21:09:17,18.52,73.25,BuildingA_Floor2,TypeC
1093,2025-04-06 00:10:57,22.81,64.31,BuildingA_Floor2,TypeC
1016,2025-04-04 20:32:48,21.88,68.87,BuildingB_Floor2,TypeB
1026,2025-04-04 05:51:34,32.49,59.35,BuildingA_Floor2,TypeB
1029,2025-04-05 18:09:08,29.21,64.15,BuildingB_Floor2,TypeB
1048,2025-04-07 11:47:36,32.73,56.97,BuildingB_Floor1,TypeA
1030,2025-04-07 13:17:37,25.97,51.35,BuildingB_Floor1,TypeA
1057,2025-04-07 04:47:08,34.44,62.84,BuildingA_Floor2,TypeC
1012,2025-04-07 06:08:50,30.42,57.58,BuildingB_Floor2,TypeC
1072,2025-04-06 19:21:33,22.29,52.75,BuildingA_Floor1,TypeC
1062,2025-04-05 14:23:55,28.72,66.27,BuildingA_Floor2,TypeA
1067,2025-04-07 10:10:56,32.09,48.95,BuildingB_Floor2,TypeC
1094,2025-04-07 08:48:40,16.44,56.83,BuildingB_Floor2,TypeC
1037,2025-04-04 17:59:47,29.53,56.19,BuildingB_Floor1,TypeA
1032,2025-04-06 05:41:59,26.32,70.56,BuildingB_Floor2,TypeC
1074,2025-04-07 02:18:03,33.22,79.68,BuildingB_Floor1,TypeB
1024,2025-04-03 16:16:11,15.99,48.21,BuildingB_Floor2,TypeB
1047,2025-04-06 21:38:30,16.31,44.37,BuildingA_Floor2,TypeB
1057,2025-04-05 23:19:42,17.39,67.35,BuildingB_Floor2,TypeA
1017,2025-04-04 03:56:35,19.88,44.29,BuildingB_Floor1,TypeA
1015,2025-04-04 10:42:10,22.25,31.25,BuildingB_Floor2,TypeB
1094,2025-04-03 09:38:48,19.22,78.32,BuildingA_Floor2,TypeB
1050,2025-04-06 08:08:53,27.57,51.98,BuildingB_Floor1,TypeA
1068,2025-04-04 05:11:11,25.07,33.03,BuildingA_Floor2,TypeB
1083,2025-04-03 04:28:20,30.83,34.98,BuildingA_Floor1,TypeA
1026,2025-04-05 12:18:26,28.2,66.74,BuildingA_Floor2,TypeA
1096,2025-04-04 01:11:59,15.89,68.49,BuildingA_Floor2,TypeA
1018,2025-04-06 08:59:17,15.73,43.93,BuildingA_Floor2,TypeC
1075,2025-04-04 08:32:11,18.7,36.28,BuildingA_Floor2,TypeB
1023,2025-04-05 06:09:24,17.5,52.22,BuildingB_Floor1,TypeB
1030,2025-04-03 18:30:27,28.58,55.09,BuildingB_Floor2,TypeB
1004,2025-04-04 04:22:15,22.91,66.21,BuildingA_Floor2,TypeC
1069,2025-04-06 10:42:56,27.14,35.17,BuildingB_Floor1,TypeC
1020,2025-04-05 05:33:17,20.29,42.49,BuildingA_Floor1,TypeB
1086,2025-04-06 22:50:59,22.97,34.93,BuildingA_Floor2,TypeC
1043,2025-04-04 13:59:12,17.23,42.0,BuildingB_Floor2,TypeA
1003,2025-04-05 21:59:11,27.78,56.55,BuildingA_Floor2,TypeB
1051,2025-04-03 12:41:25,25.65,73.31,BuildingA_Floor2,TypeA
1075,2025-04-03 21:06:47,20.29,76.86,BuildingB_Floor1,TypeC
1033,2025-04-04 21:22:25,23.72,37.88,BuildingB_Floor2,TypeA
1100,2025-04-05 11:30:21,30.74,78.47,BuildingB_Floor1,TypeB
1031,2025-04-03 03:39:28,33.14,55.68,BuildingA_Floor1,TypeA
1051,2025-04-06 04:32:48,25.66,79.28,BuildingA_Floor2,TypeC
1044,2025-04-03 09:24:43,19.9,79.85,BuildingA_Floor1,TypeA
1036,2025-04-03 05:12:31,21.77,30.12,BuildingB_Floor1,TypeA
1100,2025-04-05 02:00:07,31.95,32.19,BuildingA_Floor1,TypeC
1044,2025-04-04 01:25:44,33.9,70.12,BuildingB_Floor1,TypeC
1091,2025-04-04 23:21:55,19.39,74.95,BuildingA_Floor1,TypeA
1067,2025-04-05 07:03:01,32.96,70.9,BuildingB_Floor2,TypeA
1030,2025-04-04 17:35:04,26.68,34.98,BuildingB_Floor2,TypeA
1039,2025-04-05 06:06:00,26.98,52.14,BuildingA_Floor2,TypeB
1087,2025-04-07 16:15:18,28.81,70.22,BuildingB_Floor2,TypeC
1005,2025-04-03 01:24:00,25.62,68.68,BuildingA_Floor1,TypeB
1011,2025-04-03 17:09:34,24.38,76.03,BuildingA_Floor2,TypeB
1000,2025-04-05 22:33:22,25.98,50.09,BuildingA_Floor2,TypeA
1078,2025-04-03 06:12:44,26.2,72.89,BuildingB_Floor2,TypeB
1065,2025-04-07 08:07:08,34.81,43.27,BuildingB_Floor2,TypeA
1027,2025-04-04 12:29:04,32.33,50.79,BuildingA_Floor1,TypeB
1066,2025-04-03 22:54:29,15.08,37.86,BuildingB_Floor2,TypeB
1039,2025-04-05 07:19:34,33.59,39.57,BuildingB_Floor1,TypeC
1034,2025-04-03 13:28:15,33.22,37.69,BuildingA_Floor2,TypeC
1062,2025-04-05 08:20:16,18.83,71.96,BuildingB_Floor2,TypeC
1089,2025-04-06 22:37:26,22.76,35.61,BuildingB_Floor1,TypeC
1074,2025-04-06 11:38:49,34.54,38.21,BuildingA_Floor2,TypeB
1026,2025-04-04 04:51:51,17.94,66.72,BuildingA_Floor1,TypeB
1043,2025-04-03 11:01:08,23.12,55.42,BuildingA_Floor2,TypeC
1095,2025-04-03 13:33:07,31.64,71.94,BuildingB_Floor1,TypeC
1047,2025-04-03 16:46:20,24.95,51.67,BuildingB_Floor2,TypeB
1030,2025-04-07 20:24:13,29.12,41.17,BuildingA_Floor2,TypeB
1069,2025-04-06 06:03:05,21.76,76.09,BuildingA_Floor2,TypeA
1056,2025-04-03 23:19:50,29.3,64.45,BuildingB_Floor1,TypeC
1083,2025-04-05 11:47:23,27.67,78.72,BuildingA_Floor2,TypeA
1080,2025-04-05 15:50:17,32.59,48.13,BuildingA_Floor2,TypeB
1047,2025-04-06 23:41:56,30.77,40.86,BuildingA_Floor2,TypeB
1078,2025-04-06 18:40:55,22.89,38.89,BuildingB_Floor1,TypeA
1064,2025-04-03 10:37:18,19.94,73.97,BuildingB_Floor2,TypeB
1025,2025-04-05 23:13:33,19.23,41.95,BuildingA_Floor1,TypeC
1071,2025-04-04 02:48:09,26.95,57.62,BuildingA_Floor2,TypeA
1079,2025-04-05 22:29:49,22.14,44.84,BuildingB_Floor2,TypeC
1026,2025-04-05 03:13:22,23.21,76.36,BuildingB_Floor1,TypeA
1077,2025-04-07 12:11:32,34.59,58.37,BuildingA_Floor1,TypeC
1056,2025-04-05 02:13:04,25.28,34.29,BuildingB_Floor2,TypeA
1071,2025-04-05 13:55:50,31.72,76.25,BuildingB_Floor1,TypeA
1096,2025-04-03 06:40:09,30.34,56.47,BuildingB_Floor2,TypeB
1069,2025-04-03 03:34:41,30.0,70.19,BuildingB_Floor2,TypeA
1024,2025-04-06 05:21:00,25.38,63.33,BuildingB_Floor2,TypeC
1091,2025-04-03 06:56:43,34.19,73.69,BuildingA_Floor2,TypeC
1045,2025-04-03 09:43:09,16.02,43.02,BuildingA_Floor2,TypeB
1064,2025-04-05 02:07:37,15.13,61.03,BuildingA_Floor2,TypeC
1045,2025-04-03 03:10:58,27.44,53.38,BuildingB_Floor2,TypeB
1069,2025-04-05 22:41:33,15.17,38.33,BuildingB_Floor1,TypeC
1033,2025-04-07 04:09:54,22.41,38.91,BuildingA_Floor1,TypeB
1100,2025-04-03 16:10:36,18.2,40.46,BuildingA_Floor1,TypeB
1078,2025-04-06 03:50:45,18.98,38.02,BuildingB_Floor2,TypeA
1026,2025-04-05 07:51:19,19.72,69.42,BuildingA_Floor2,TypeB
1049,2025-04-06 21:51:43,33.02,60.05,BuildingB_Floor1,TypeC
1021,2025-04-07 17:33:06,34.18,56.96,BuildingA_Floor1,TypeC
1075,2025-04-06 05:22:49,17.86,75.97,BuildingA_Floor1,TypeC
1010,2025-04-05 22:12:13,28.88,31.54,BuildingB_Floor1,TypeB
1025,2025-04-03 14:20:39,25.45,36.55,BuildingA_Floor1,TypeB
1044,2025-04-05 05:09:07,31.67,34.87,BuildingA_Floor2,TypeB
1055,2025-04-04 18:52:30,26.06,77.11,BuildingB_Floor1,TypeC
1005,2025-04-06 22:34:58,28.76,58.93,BuildingA_Floor1,TypeC
1077,2025-04-04 02:21:50,23.85,40.09,BuildingA_Floor2,TypeC
1013,2025-04-04 14:16:27,16.57,52.12,BuildingA_Floor2,TypeC
1050,2025-04-02 22:28:48,30.7,75.12,BuildingA_Floor1,TypeB
1090,2025-04-05 20:34:50,30.84,32.82,BuildingB_Floor2,TypeA
1036,2025-04-03 22:05:04,20.06,47.99,BuildingA_Floor1,TypeA
1009,2025-04-05 02:19:12,15.54,39.29,BuildingA_Floor1,TypeA
1046,2025-04-04 04:22:32,30.16,56.98,BuildingA_Floor1,TypeB
1082,2025-04-04 15:14:54,31.11,42.84,BuildingB_Floor2,TypeC
1068,2025-04-06 21:33:35,24.53,68.8,BuildingA_Floor1,TypeA
1021,2025-04-03 06:24:03,15.04,45.85,BuildingA_Floor2,TypeA
1049,2025-04-04 07:14:58,16.48,39.72,BuildingA_Floor2,TypeC
1025,2025-04-06 13:32:59,31.26,42.57,BuildingA_Floor2,TypeA
1053,2025-04-06 08:55:52,17.7,40.05,BuildingB_Floor2,TypeA
1038,2025-04-04 14:47:20,18.88,65.54,BuildingA_Floor2,TypeB
1093,2025-04-04 23:05:51,19.87,72.89,BuildingB_Floor1,TypeA
1049,2025-04-07 05:53:17,21.72,50.37,BuildingB_Floor2,TypeA
1061,2025-04-04 05:52:53,24.28,48.76,BuildingB_Floor2,TypeB
1073,2025-04-05 07:41:12,23.06,52.06,BuildingB_Floor1,TypeB
1035,2025-04-04 14:13:54,17.8,35.12,BuildingA_Floor2,TypeA
1099,2025-04-05 07:28:02,24.5,46.8,BuildingA_Floor1,TypeA
1100,2025-04-04 14:18:04,31.0,68.03,BuildingB_Floor1,TypeB
1065,2025-04-03 13:04:29,21.15,51.15,BuildingB_Floor1,TypeC
1037,2025-04-03 11:23:56,18.91,52.14,BuildingB_Floor1,TypeC
1045,2025-04-07 16:42:35,27.23,64.7,BuildingA_Floor1,TypeA
1082,2025-04-04 04:13:14,17.88,40.64,BuildingA_Floor2,TypeA
1057,2025-04-05 16:15:48,23.44,44.29,BuildingA_Floor1,TypeA
1044,2025-04-04 12:32:53,32.51,62.24,BuildingA_Floor1,TypeA
1048,2025-04-03 00:07:01,30.96,30.26,BuildingA_Floor1,TypeB
1097,2025-04-04 10:42:04,28.87,53.99,BuildingA_Floor2,TypeC
1037,2025-04-07 01:58:23,28.72,46.46,BuildingA_Floor1,TypeC
1095,2025-04-07 04:10:55,21.86,49.71,BuildingB_Floor2,TypeA
1054,2025-04-04 00:44:43,15.61,66.76,BuildingA_Floor2,TypeA
1100,2025-04-06 08:13:34,34.63,70.19,BuildingB_Floor2,TypeC
1034,2025-04-05 18:57:07,20.83,66.79,BuildingA_Floor1,TypeB
1040,2025-04-04 18:20:07,16.9,39.6,BuildingA_Floor2,TypeC
1003,2025-04-05 13:12:40,33.05,63.32,BuildingA_Floor2,TypeB
1089,2025-04-07 19:47:51,25.01,58.81,BuildingB_Floor1,TypeA
1016,2025-04-02 23:02:13,30.04,72.75,BuildingA_Floor2,TypeC
1002,2025-04-03 22:45:02,33.37,34.98,BuildingB_Floor1,TypeA
1040,2025-04-07 05:44:41,33.02,33.97,BuildingB_Floor2,TypeB
1089,2025-04-04 07:50:49,16.9,39.97,BuildingB_Floor2,TypeB
1041,2025-04-06 03:00:10,18.7,40.03,BuildingA_Floor1,TypeC
1087,2025-04-05 02:47:55,33.75,75.67,BuildingA_Floor2,TypeB
1006,2025-04-03 18:18:10,33.04,64.39,BuildingB_Floor2,TypeC
1061,2025-04-03 10:31:54,19.88,51.99,BuildingA_Floor2,TypeA
1080,2025-04-04 09:28:23,33.1,39.41,BuildingA_Floor2,TypeA
1053,2025-04-04 06:42:09,25.96,78.64,BuildingA_Floor2,TypeA
1051,2025-04-05 02:16:38,23.31,71.28,BuildingA_Floor2,TypeB
1050,2025-04-05 03:17:36,32.64,59.28,BuildingA_Floor2,TypeB
1085,2025-04-05 18:42:05,34.68,79.26,BuildingA_Floor1,TypeA
1012,2025-04-06 08:04:34,20.08,58.32,BuildingB_Floor2,TypeA
1034,2025-04-03 06:26:38,17.85,70.96,BuildingA_Floor1,TypeC
1096,2025-04-05 11:59:04,23.56,61.93,BuildingB_Floor1,TypeC
1062,2025-04-07 12:21:20,26.28,45.9,BuildingA_Floor2,TypeC
1051,2025-04-06 08:02:39,29.37,65.12,BuildingA_Floor1,TypeB
1030,2025-04-05 22:00:16,18.45,34.06,BuildingB_Floor2,TypeC
1011,2025-04-05 11:01:51,29.76,60.07,BuildingA_Floor2,TypeC
1032,2025-04-05 14:00:33,26.25,69.65,BuildingA_Floor1,TypeC
1086,2025-04-06 13:56:06,20.49,61.16,BuildingA_Floor2,TypeC
1096,2025-04-07 06:53:17,16.15,70.74,BuildingA_Floor1,TypeB
1094,2025-04-04 10:33:19,28.21,74.76,BuildingB_Floor2,TypeB
1074,2025-04-05 01:29:08,30.58,74.47,BuildingA_Floor2,TypeA
1029,2025-04-05 14:51:44,30.45,76.38,BuildingB_Floor2,TypeA
1009,2025-04-05 15:13:22,27.3,49.64,BuildingA_Floor1,TypeA
1029,2025-04-06 14:49:56,33.42,65.8,BuildingB_Floor1,TypeA
1081,2025-04-06 17:23:02,28.9,72.42,BuildingA_Floor1,TypeA
1040,2025-04-05 07:22:20,24.07,51.55,BuildingA_Floor2,TypeB
1007,2025-04-06 07:38:37,22.55,68.44,BuildingA_Floor2,TypeA
1010,2025-04-04 22:14:23,16.92,73.64,BuildingB_Floor1,TypeA
1020,2025-04-03 13:46:16,29.04,48.61,BuildingA_Floor1,TypeA
1086,2025-04-03 07:39:35,33.28,40.1,BuildingA_Floor1,TypeA
1078,2025-04-05 17:51:17,20.07,62.65,BuildingB_Floor2,TypeA
1019,2025-04-05 16:39:25,20.27,63.14,BuildingA_Floor1,TypeC
1034,2025-04-06 08:00:31,26.65,52.07,BuildingA_Floor1,TypeA
1000,2025-04-05 01:39:08,29.14,50.28,BuildingA_Floor2,TypeB
1002,2025-04-05 22:33:54,22.74,71.01,BuildingB_Floor1,TypeB
1090,2025-04-04 03:23:02,20.24,79.21,BuildingA_Floor2,TypeC
1023,2025-04-03 22:59:32,22.07,61.64,BuildingB_Floor1,TypeB
1018,2025-04-05 04:51:37,21.11,64.43,BuildingA_Floor1,TypeB
1087,2025-04-05 20:10:58,18.08,31.21,BuildingA_Floor2,TypeB
1044,2025-04-05 23:00:39,23.23,30.99,BuildingA_Floor1,TypeC
1078,2025-04-03 19:17:16,26.68,40.8,BuildingA_Floor1,TypeC
1033,2025-04-07 04:45:52,34.99,71.72,BuildingA_Floor2,TypeC
1015,2025-04-04 05:42:08,34.83,66.26,BuildingB_Floor2,TypeC
1035,2025-04-05 11:20:14,18.28,65.72,BuildingB_Floor1,TypeB
1023,2025-04-05 15:29:27,34.19,45.47,BuildingB_Floor1,TypeC
1015,2025-04-06 03:15:18,21.35,57.05,BuildingA_Floor1,TypeB
1027,2025-04-05 07:34:19,16.02,43.76,BuildingB_Floor2,TypeC
1091,2025-04-06 13:08:48,30.64,74.63,BuildingA_Floor1,TypeA
1013,2025-04-06 14:42:11,33.39,38.75,BuildingB_Floor2,TypeA
1084,2025-04-04 19:33:32,33.47,43.32,BuildingB_Floor2,TypeB
1078,2025-04-07 04:33:43,34.39,38.94,BuildingA_Floor2,TypeC
1019,2025-04-04 23:51:45,16.66,74.27,BuildingB_Floor1,TypeB
1092,2025-04-04 03:13:25,29.02,78.69,BuildingB_Floor1,TypeA
1094,2025-04-03 18:00:50,34.81,41.85,BuildingA_Floor1,TypeC
1018,2025-04-07 07:54:01,30.28,52.89,BuildingB_Floor2,TypeB
1031,2025-04-05 20:48:47,15.6,49.63,BuildingA_Floor2,TypeA
1021,2025-04-07 06:51:55,31.38,31.17,BuildingB_Floor2,TypeC
1066,2025-04-04 05:42:32,16.71,34.34,BuildingA_Floor2,TypeB
1038,2025-04-03 01:01:19,19.08,57.74,BuildingB_Floor2,TypeA
1077,2025-04-03 05:29:07,22.76,30.91,BuildingA_Floor1,TypeC
1044,2025-04-03 08:21:24,19.63,30.99,BuildingA_Floor1,TypeB
1003,2025-04-04 08:52:50,22.11,65.0,BuildingB_Floor2,TypeC
1037,2025-04-03 03:17:59,15.45,78.42,BuildingB_Floor1,TypeA
1005,2025-04-07 01:49:13,25.89,52.14,BuildingA_Floor2,TypeB
1039,2025-04-07 05:45:47,30.45,38.47,BuildingB_Floor2,TypeC
1095,2025-04-04 00:50:28,24.14,31.26,BuildingB_Floor2,TypeC
1002,2025-04-03 06:35:31,18.83,33.21,BuildingB_Floor2,TypeB
1058,2025-04-05 09:22:43,18.53,77.36,BuildingB_Floor2,TypeB
1077,2025-04-03 22:44:24,17.18,62.66,BuildingB_Floor2,TypeB
1000,2025-04-07 00:09:16,30.52,60.28,BuildingA_Floor1,TypeA
1099,2025-04-03 12:51:49,23.43,56.61,BuildingA_Floor2,TypeB
1024,2025-04-06 15:40:21,19.92,56.54,BuildingA_Floor1,TypeC
1064,2025-04-07 18:38:56,15.65,59.81,BuildingA_Floor1,TypeC
1073,2025-04-04 00:13:21,32.61,61.15,BuildingA_Floor2,TypeC
1086,2025-04-03 15:33:11,27.37,64.6,BuildingB_Floor2,TypeA
1045,2025-04-05 02:10:30,21.14,69.96,BuildingA_Floor1,TypeC
1021,2025-04-03 14:23:03,15.05,55.42,BuildingB_Floor1,TypeC
1025,2025-04-04 08:19:40,26.64,57.83,BuildingB_Floor1,TypeB
1091,2025-04-04 17:47:40,27.59,77.08,BuildingB_Floor2,TypeC
1043,2025-04-04 05:51:56,22.76,59.71,BuildingA_Floor2,TypeB
1025,2025-04-07 09:27:00,23.66,78.95,BuildingB_Floor1,TypeC
1096,2025-04-07 11:00:07,25.73,51.51,BuildingB_Floor2,TypeB
1032,2025-04-05 09:33:18,16.12,36.88,BuildingA_Floor2,TypeA
1035,2025-04-06 00:49:01,34.55,58.56,BuildingA_Floor2,TypeA
1039,2025-04-05 20:54:16,28.15,73.65,BuildingB_Floor2,TypeB
1051,2025-04-05 00:16:43,23.99,67.91,BuildingA_Floor2,TypeA
1060,2025-04-07 14:50:26,29.47,44.95,BuildingB_Floor2,TypeC
1092,2025-04-04 03:34:57,24.95,76.44,BuildingA_Floor2,TypeA
1067,2025-04-07 01:26:10,22.01,55.13,BuildingA_Floor1,TypeC
1030,2025-04-06 10:33:27,15.85,43.82,BuildingB_Floor1,TypeB
1074,2025-04-03 21:39:47,27.05,61.12,BuildingB_Floor2,TypeA
1040,2025-04-05 11:52:10,28.55,52.88,BuildingB_Floor1,TypeA
1069,2025-04-07 13:19:52,28.45,76.49,BuildingB_Floor1,TypeA
1071,2025-04-03 02:35:45,21.1,39.01,BuildingB_Floor1,TypeA
1038,2025-04-06 14:46:34,25.05,54.17,BuildingB_Floor1,TypeA
1087,2025-04-04 00:29:10,20.97,52.85,BuildingA_Floor1,TypeC
1090,2025-04-03 05:37:39,15.31,50.18,BuildingA_Floor1,TypeA
1034,2025-04-04 15:05:01,32.44,40.5,BuildingB_Floor1,TypeB
1037,2025-04-07 10:51:42,20.36,63.94,BuildingB_Floor1,TypeC
1007,2025-04-05 22:06:43,24.0,59.54,BuildingB_Floor2,TypeC
1006,2025-04-05 08:05:32,20.41,48.9,BuildingA_Floor1,TypeC
1009,2025-04-07 00:03:41,27.58,76.84,BuildingA_Floor2,TypeC
1035,2025-04-07 11:28:09,31.81,78.94,BuildingA_Floor2,TypeC
1007,2025-04-05 16:24:40,34.86,40.09,BuildingB_Floor1,TypeA
1072,2025-04-05 01:20:18,27.0,69.48,BuildingA_Floor1,TypeC
